[{"name":"objectid","type":"esriFieldTypeOID","alias":"ObjectID","sqlType":"sqlTypeOther","domain":null,"defaultValue":null},{"name":"globalid","type":"esriFieldTypeGlobalID","alias":"GlobalID","sqlType":"sqlTypeGUID","length":38,"domain":null,"defaultValue":null},{"name":"Depto","type":"esriFieldTypeString","alias":"1. Departamento","sqlType":"sqlTypeOther","length":255,"domain":{"type":"codedValue","name":"cvd_Depto","codedValues":[{"name":"Alta Verapaz","code":"Alta_Verapaz"},{"name":"Baja Verapaz","code":"Baja_Verapaz"},{"name":"Chimaltenango","code":"Chimaltenango"},{"name":"Chiquimula","code":"Chiquimula"},{"name":"El Progreso","code":"El_Progreso"},{"name":"Escuintla","code":"Escuintla"},{"name":"Guatemala","code":"Guatemala"},{"name":"Huehuetenango","code":"Huehuetenango"},{"name":"Izabal","code":"Izabal"},{"name":"Jalapa","code":"Jalapa"},{"name":"Jutiapa","code":"Jutiapa"},{"name":"Peten","code":"Peten"},{"name":"Quetzaltenango","code":"Quetzaltenango"},{"name":"Quiche","code":"Quiche"},{"name":"Retalhuleu","code":"Retalhuleu"},{"name":"Sacatepequez","code":"Sacatepequez"},{"name":"San Marcos","code":"San_Marcos"},{"name":"Santa Rosa","code":"Santa_Rosa"},{"name":"Solola","code":"Solola"},{"name":"Suchitepequez","code":"Suchitepequez"},{"name":"Totonicapan","code":"Totonicapan"},{"name":"Zacapa","code":"Zacapa"}]},"defaultValue":null},{"name":"Muni","type":"esriFieldTypeString","alias":"2. Municipio","sqlType":"sqlTypeOther","length":255,"domain":null,"defaultValue":null},{"name":"monitor","type":"esriFieldTypeString","alias":"Monitor","sqlType":"sqlTypeOther","length":255,"domain":null,"defaultValue":null},{"name":"codigocaso","type":"esriFieldTypeString","alias":"3. Código del caso","sqlType":"sqlTypeOther","length":255,"domain":null,"defaultValue":null},{"name":"Tipovisita","type":"esriFieldTypeString","alias":"4. Tipo de visita","sqlType":"sqlTypeOther","length":255,"domain":{"type":"codedValue","name":"cvd_Tipovisita","codedValues":[{"name":"1) Solo SESAN","code":"1-Solo_SESAN"},{"name":"2) En conjunto con MSPAS","code":"2-En_conjunto_con_MSPAS"},{"name":"3) En conjunto con integrantes de COMUSAN","code":"3-En_conjunto_con_COMUSAN"}]},"defaultValue":null},{"name":"Participantes","type":"esriFieldTypeString","alias":"4.1 Detalle de participantes en el equipo de visita","sqlType":"sqlTypeOther","length":255,"domain":null,"defaultValue":null},{"name":"diavisita","type":"esriFieldTypeDate","alias":"5. Día de la visita","sqlType":"sqlTypeOther","length":255,"domain":null,"defaultValue":null},{"name":"horainicio","type":"esriFieldTypeString","alias":"6. Hora de inicio","sqlType":"sqlTypeOther","length":255,"domain":null,"defaultValue":null},{"name":"entrevista","type":"esriFieldTypeString","alias":"7. Habiendo llegado a la ubicación indicada, ¿Puede hacerse la entrevista de monitoreo?","sqlType":"sqlTypeOther","length":255,"domain":{"type":"codedValue","name":"cvd_entrevista","codedValues":[{"name":"Si","code":"si"},{"name":"No","code":"no"}]},"defaultValue":null},{"name":"causa","type":"esriFieldTypeString","alias":"Indique la causa","sqlType":"sqlTypeOther","length":255,"domain":{"type":"codedValue","name":"cvd_causa","codedValues":[{"name":"1. No encontró la dirección","code":"1-No_encontro_la_direccion"},{"name":"2. No pudo llegar a la dirección indicada","code":"2-No_pudo_llegar_a_direccion"},{"name":"3. No hay quien informe","code":"3-No_hay_quien_informe"},{"name":"4. Niño o niña ha fallecido","code":"4-Ninio_fallecio"},{"name":"5. Niño migró o se cambio de vivienda","code":"5-Ninio-migro_o_cambio_vivienda"},{"name":"6. Padres no aceptan entrevista de monitoreo","code":"6-Padres_no_aceptan_entrevista"}]},"defaultValue":null},{"name":"direccion","type":"esriFieldTypeString","alias":"8. Dirección donde se hace la visita","sqlType":"sqlTypeOther","length":255,"domain":null,"defaultValue":null},{"name":"fuente","type":"esriFieldTypeString","alias":"9. Fuente de datos del caso","sqlType":"sqlTypeOther","length":255,"domain":{"type":"codedValue","name":"cvd_fuente","codedValues":[{"name":"1. Dirección de Área de Salud","code":"1-DAS"},{"name":"2. Distrito","code":"2-Distrito"},{"name":"3. Servicio de salud (Centro, Puesto, Centro de convergencia)","code":"3-Servicio_de_salud"},{"name":"4. Hospital","code":"4-Hospital"},{"name":"5. CRN o SRN","code":"5-CRN-SRN"}]},"defaultValue":null},{"name":"nombrecaso","type":"esriFieldTypeString","alias":"10. Nombre completo del niño","sqlType":"sqlTypeOther","length":255,"domain":null,"defaultValue":null},{"name":"TieneCUI","type":"esriFieldTypeString","alias":"11. ¿Se obtiene CUI del niño o niña?","sqlType":"sqlTypeOther","length":255,"domain":{"type":"codedValue","name":"cvd_TieneCUI","codedValues":[{"name":"Si","code":"si"},{"name":"No","code":"no"}]},"defaultValue":null},{"name":"CUI","type":"esriFieldTypeString","alias":"11.1 Ingrese el número de CUI del niño","sqlType":"sqlTypeOther","length":255,"domain":null,"defaultValue":null},{"name":"Edad","type":"esriFieldTypeString","alias":"12. Edad aproximada al día de hoy","sqlType":"sqlTypeOther","length":255,"domain":{"type":"codedValue","name":"cvd_Edad","codedValues":[{"name":"6 meses","code":"6"},{"name":"7 meses","code":"7"},{"name":"8 meses","code":"8"},{"name":"9 meses","code":"9"},{"name":"10 meses","code":"10"},{"name":"11 meses","code":"11"},{"name":"12 meses","code":"12"},{"name":"13 meses","code":"13"},{"name":"14 meses","code":"14"},{"name":"15 meses","code":"15"},{"name":"16 meses","code":"16"},{"name":"17 meses","code":"17"},{"name":"18 meses","code":"18"},{"name":"19 meses","code":"19"},{"name":"20 meses","code":"20"},{"name":"21 meses","code":"21"},{"name":"22 meses","code":"22"},{"name":"23 meses","code":"23"},{"name":"24 meses","code":"24"},{"name":"3 años cumplidos","code":"36"},{"name":"4 años cumplidos","code":"48"},{"name":"5 años cumplidos","code":"60"}]},"defaultValue":null},{"name":"Sexo","type":"esriFieldTypeString","alias":"13. Sexo del niño","sqlType":"sqlTypeOther","length":255,"domain":{"type":"codedValue","name":"cvd_Sexo","codedValues":[{"name":"Niña","code":"Niña"},{"name":"Niño","code":"Niño"}]},"defaultValue":null},{"name":"Pueblo","type":"esriFieldTypeString","alias":"14. Pueblo al que pertence","sqlType":"sqlTypeOther","length":255,"domain":{"type":"codedValue","name":"cvd_Pueblo","codedValues":[{"name":"1. Maya","code":"1-Maya"},{"name":"2. Mestizo","code":"2-Mestizo"},{"name":"3. Garífuna","code":"3-Garífuna"},{"name":"4. Xinca","code":"4-Xinca"}]},"defaultValue":null},{"name":"Idioma","type":"esriFieldTypeString","alias":"15. Idioma de la familia","sqlType":"sqlTypeOther","length":255,"domain":{"type":"codedValue","name":"cvd_Idioma","codedValues":[{"name":"1.  Multilingüe","code":"1-Multilingue"},{"name":"2. Español","code":"2-Espanol"},{"name":"3. Achí","code":"3-Achi"},{"name":"4. Akateko","code":"4-Akateko"},{"name":"5. Awakateko","code":"5-Awakateko"},{"name":"6. Chalchiteko","code":"6-Chalchiteko"},{"name":"7. Ch´orti´","code":"7-Chorti"},{"name":"8. Chuj","code":"8-Chuj"},{"name":"9. Garínagu","code":"9-Garinagu"},{"name":"10. Itza´","code":"10-Itza"},{"name":"11. Ixil","code":"11-Ixil"},{"name":"12. Jakalteco / Popti´","code":"12-Jakalteco_Popti"},{"name":"13. Kaqchiquel","code":"13-Kaqchiquel"},{"name":"14. k´iche´","code":"14-Kiche"},{"name":"15. Mam","code":"15-Mam"},{"name":"16. Mopan","code":"16-Mopan"},{"name":"17. Poqomam","code":"17-Poqomam"},{"name":"18. Poqomchi´","code":"18-Poqomchi"},{"name":"19. Q´anjob´al","code":"19-Qanjobal"},{"name":"20. Q´eqchi´","code":"20-Qeqchi"},{"name":"21. Sakapulteko","code":"21-Sakapulteko"},{"name":"22. Sipakense","code":"22-Sipakense"},{"name":"23. Tektiteko","code":"23-Tektiteko"},{"name":"24. Tz´utujil","code":"24-Tzutujil"},{"name":"25. Uspanteko","code":"25-Uspanteko"},{"name":"26. Xinka","code":"26-Xinka"}]},"defaultValue":null},{"name":"Diagnostico","type":"esriFieldTypeString","alias":"16. Diagnóstico nutricional por el que realiza MODA","sqlType":"sqlTypeOther","length":255,"domain":{"type":"codedValue","name":"cvd_Diagnostico","codedValues":[{"name":"1. Desnutrición Aguda Moderada","code":"1-Desnutricion_Aguda_Moderada"},{"name":"2. Desnutrición Aguda Severa","code":"2-Desnutricion_Aguda_Severa"},{"name":"3. Kwashiorkor","code":"3-Kwashiorkor"},{"name":"4. Marasmo","code":"4-Marasmo"},{"name":"5. Kwashiorkor Marasmático","code":"5-Kwashiorkor_Marasmatico"}]},"defaultValue":null},{"name":"TieneTelefono","type":"esriFieldTypeString","alias":"17. ¿Tiene teléfono de contacto?","sqlType":"sqlTypeOther","length":255,"domain":{"type":"codedValue","name":"cvd_TieneTelefono","codedValues":[{"name":"Si","code":"si"},{"name":"No","code":"no"}]},"defaultValue":null},{"name":"Telefono","type":"esriFieldTypeInteger","alias":"17.1 Número de teléfono de contacto","sqlType":"sqlTypeOther","domain":null,"defaultValue":null},{"name":"TieneCondiciones","type":"esriFieldTypeString","alias":"18. ¿Tiene enfermedades congénitas o condiciones especiales?","sqlType":"sqlTypeOther","length":255,"domain":{"type":"codedValue","name":"cvd_TieneCondiciones","codedValues":[{"name":"Si","code":"si"},{"name":"No","code":"no"}]},"defaultValue":null},{"name":"ListaCongenitas","type":"esriFieldTypeString","alias":"18.1 Lista de enfermedades congénitas y condiciones especiales","sqlType":"sqlTypeOther","length":255,"domain":null,"defaultValue":null},{"name":"TieneDiscapacidad","type":"esriFieldTypeString","alias":"19. ¿Tiene situación de discapacidad?","sqlType":"sqlTypeOther","length":255,"domain":{"type":"codedValue","name":"cvd_TieneDiscapacidad","codedValues":[{"name":"Si","code":"si"},{"name":"No","code":"no"}]},"defaultValue":null},{"name":"ListaDiscapacidad","type":"esriFieldTypeString","alias":"19.1 Lista de discapacidades","sqlType":"sqlTypeOther","length":255,"domain":null,"defaultValue":null},{"name":"FactoresRiesgo","type":"esriFieldTypeString","alias":"20. ¿Hay factores de riesgo en el hogar?","sqlType":"sqlTypeOther","length":255,"domain":{"type":"codedValue","name":"cvd_FactoresRiesgo","codedValues":[{"name":"Si","code":"si"},{"name":"No","code":"no"}]},"defaultValue":null},{"name":"DetalleFactores","type":"esriFieldTypeString","alias":"20.1 Lista de factores de riesgo","sqlType":"sqlTypeOther","length":255,"domain":null,"defaultValue":null},{"name":"AccesoServicio","type":"esriFieldTypeString","alias":"21. ¿Es fácil para la madre o responsable llegar a un servicio de salud si el niño necesita atención urgente?","sqlType":"sqlTypeOther","length":255,"domain":{"type":"codedValue","name":"cvd_AccesoServicio","codedValues":[{"name":"1. Si es fácil","code":"1-Si es facil"},{"name":"2. No, no tiene medios o facilidad para llegar","code":"2-No_tiene_medios_para_llegar"},{"name":"3. No, no tiene servicio de salud cerca","code":"3-No_tiene servicio_cerca"}]},"defaultValue":null},{"name":"TieneSenalPeligro","type":"esriFieldTypeString","alias":"22. ¿El niño (a) presenta señales de peligro durante esta visita?","sqlType":"sqlTypeOther","length":255,"domain":{"type":"codedValue","name":"cvd_TieneSenalPeligro","codedValues":[{"name":"Si","code":"si"},{"name":"No","code":"no"}]},"defaultValue":null},{"name":"ListaSenlpeligro","type":"esriFieldTypeString","alias":"22.1 Lista de señales de peligro","sqlType":"sqlTypeOther","length":255,"domain":null,"defaultValue":null},{"name":"ListaAccionesPeligro","type":"esriFieldTypeString","alias":"22.2 Notificación a autoridad competente por señal de peligro","sqlType":"sqlTypeOther","length":255,"domain":null,"defaultValue":null},{"name":"ProtocoloTx","type":"esriFieldTypeString","alias":"23. ¿El niño(a) está recibiendo tratamiento para la desnutrición según protocolo de MSPAS?","sqlType":"sqlTypeOther","length":255,"domain":{"type":"codedValue","name":"cvd_ProtocoloTx","codedValues":[{"name":"1. Si, actualmente está en tratamiento entregado por el servicio de salud","code":"Si_en_tratamiento"},{"name":"2. No, ya terminó tratamiento","code":"No_termino_tx"},{"name":"3. No, porque el servicio de salud le entregó tratamiento pero los padres no se lo han dado o no se lo quieren dar","code":"No_padres_no_dan_tx"},{"name":"4. NO, no le dieron tratamiento en el servicio de salud","code":"No_le_dieron_tx"}]},"defaultValue":null},{"name":"ListaTratamiento","type":"esriFieldTypeString","alias":"23.1 Seleccione el insumo que le indiquen que recibió el niño o niña","sqlType":"sqlTypeOther","length":255,"domain":null,"defaultValue":null},{"name":"ListaTratamiento_other","type":"esriFieldTypeString","alias":"Otro","sqlType":"sqlTypeOther","length":255,"domain":null,"defaultValue":null},{"name":"AsistenciaAlimentaria","type":"esriFieldTypeString","alias":"24. ¿El niño(a) o su familia tienen asistencia alimentaria al momento de la visita?","sqlType":"sqlTypeOther","length":255,"domain":{"type":"codedValue","name":"cvd_AsistenciaAlimentaria","codedValues":[{"name":"1. SI tiene actualmente","code":"1-Si_tiene_actualmente"},{"name":"2. NO tiene actualmente pero está inscrito o recibirá a futuro","code":"2-No_tiene_recibira_futuro"},{"name":"3. NO tiene, ni refiere que tendrá a futuro","code":"3-No_tiene_ni_tendra"}]},"defaultValue":null},{"name":"CuandoAsistencia","type":"esriFieldTypeString","alias":"24.1 ¿Cuándo la recibió?","sqlType":"sqlTypeOther","length":255,"domain":{"type":"codedValue","name":"cvd_CuandoAsistencia","codedValues":[{"name":"1. Hoy en este monitoreo","code":"Hoy"},{"name":"2. La semana anterior a esta visita","code":"Semana_anterior"},{"name":"3. 15 días antes de esta visita","code":"15_dias_aantes"},{"name":"4. 1 mes antes de esta visita","code":"1_mes_antes"}]},"defaultValue":null},{"name":"ListaAsistenciaAlim","type":"esriFieldTypeString","alias":"24.2 ¿Origen de la asistencia alimentaria?","sqlType":"sqlTypeOther","length":255,"domain":null,"defaultValue":null},{"name":"ACF","type":"esriFieldTypeString","alias":"25. ¿El niño(a) ha recibido alimento complementario Nutri Niños junto con su tratamiento para la desnutrición?","sqlType":"sqlTypeOther","length":255,"domain":{"type":"codedValue","name":"cvd_ACF","codedValues":[{"name":"Si","code":"si"},{"name":"No","code":"no"}]},"defaultValue":null},{"name":"Programas","type":"esriFieldTypeString","alias":"26. ¿El niño(a) o su familia actualmente están participando en algún programa de apoyo o recibe algún bien o servicio de Gobierno u otras instancias?","sqlType":"sqlTypeOther","length":255,"domain":{"type":"codedValue","name":"cvd_Programas","codedValues":[{"name":"1. SI participa en algun programa o tiene apoyo actualmente","code":"1-Si_participa"},{"name":"2. NO tiene actualmente pero está inscrito o recibirá a futuro","code":"2-No_pero_esta_inscrito"},{"name":"3. NO tiene actualmente, ni refiere que tendrá a futuro","code":"3-No_tiene_ni_tendra"}]},"defaultValue":null},{"name":"ListaApoyo","type":"esriFieldTypeString","alias":"26.1 Marque las instituciones que le están entregando algun bien o servicio al niño o su familia (o le entregarán a futuro)","sqlType":"sqlTypeOther","length":255,"domain":null,"defaultValue":null},{"name":"ListaApoyo_other","type":"esriFieldTypeString","alias":"Otra","sqlType":"sqlTypeOther","length":255,"domain":null,"defaultValue":null},{"name":"Inscripcion","type":"esriFieldTypeString","alias":"27. ¿En esta visita de monitoreo se ha iniciado el proceso de inscripción o registro a algún proyecto o programa de apoyo al niño con desnutrición aguda o su familia?","sqlType":"sqlTypeOther","length":255,"domain":{"type":"codedValue","name":"cvd_Inscripcion","codedValues":[{"name":"Si","code":"si"},{"name":"No","code":"no"}]},"defaultValue":null},{"name":"ListaInscripcion","type":"esriFieldTypeString","alias":"27.1 Marque las instituciones a cargo del programa al que se inscribe:","sqlType":"sqlTypeOther","length":255,"domain":null,"defaultValue":null},{"name":"ListaInscripcion_other","type":"esriFieldTypeString","alias":"Otra","sqlType":"sqlTypeOther","length":255,"domain":null,"defaultValue":null},{"name":"AccionSESAN","type":"esriFieldTypeString","alias":"28. ¿SESAN realizó alguna acción especfica en esta visita?","sqlType":"sqlTypeOther","length":255,"domain":{"type":"codedValue","name":"cvd_AccionSESAN","codedValues":[{"name":"Si","code":"si"},{"name":"No","code":"no"}]},"defaultValue":null},{"name":"Listaaccionessesan","type":"esriFieldTypeString","alias":"28.1 Marque las acciones que correspondan:","sqlType":"sqlTypeOther","length":255,"domain":null,"defaultValue":null},{"name":"Listaaccionessesan_other","type":"esriFieldTypeString","alias":"Otra","sqlType":"sqlTypeOther","length":255,"domain":null,"defaultValue":null},{"name":"Respuesta_urgente","type":"esriFieldTypeString","alias":"29. ¿Se necesita realizar acciones de respuesta urgente?","sqlType":"sqlTypeOther","length":255,"domain":{"type":"codedValue","name":"cvd_Respuesta_urgente","codedValues":[{"name":"Si","code":"si"},{"name":"No","code":"no"}]},"defaultValue":null},{"name":"ListaAccionUrgente","type":"esriFieldTypeString","alias":"29.1 Marque las acciones que correspondan","sqlType":"sqlTypeOther","length":255,"domain":null,"defaultValue":null},{"name":"Comentarios","type":"esriFieldTypeString","alias":"30. Comentarios adicionales","sqlType":"sqlTypeOther","length":255,"domain":null,"defaultValue":null},{"name":"Horafin","type":"esriFieldTypeDate","alias":"Horafin","sqlType":"sqlTypeOther","length":255,"domain":null,"defaultValue":null},{"name":"imgdisc","type":"esriFieldTypeString","alias":"imgdisc","sqlType":"sqlTypeOther","length":255,"domain":null,"defaultValue":null},{"name":"CreationDate","type":"esriFieldTypeDate","alias":"CreationDate","sqlType":"sqlTypeOther","length":8,"domain":null,"defaultValue":null},{"name":"Creator","type":"esriFieldTypeString","alias":"Creator","sqlType":"sqlTypeOther","length":128,"domain":null,"defaultValue":null},{"name":"EditDate","type":"esriFieldTypeDate","alias":"EditDate","sqlType":"sqlTypeOther","length":8,"domain":null,"defaultValue":null},{"name":"Editor","type":"esriFieldTypeString","alias":"Editor","sqlType":"sqlTypeOther","length":128,"domain":null,"defaultValue":null}]