{
    "layers": [
        {
            "allowGeometryUpdates": true,
            "capabilities": "Create",
            "copyrightText": "",
            "defaultVisibility": true,
            "description": "",
            "displayField": "objectid",
            "drawingInfo": {
                "labelingInfo": null,
                "renderer": {
                    "description": "Survey Data Locations",
                    "label": "AACID 1",
                    "symbol": {
                        "angle": 0,
                        "color": [
                            255,
                            0,
                            0,
                            255
                        ],
                        "outline": {
                            "color": [
                                255,
                                255,
                                0,
                                255
                            ],
                            "width": 1
                        },
                        "size": 8,
                        "style": "esriSMSCircle",
                        "type": "esriSMS",
                        "xoffset": 0,
                        "yoffset": 0
                    },
                    "type": "simple"
                },
                "transparency": 0
            },
            "extent": {
                "spatialReference": {
                    "wkid": 4326
                },
                "type": "extent",
                "xmax": 180,
                "xmin": -180,
                "ymax": 90,
                "ymin": -90
            },
            "fields": [
                {
                    "alias": "ObjectID",
                    "defaultValue": null,
                    "domain": null,
                    "editable": false,
                    "name": "objectid",
                    "nullable": false,
                    "type": "esriFieldTypeOID"
                },
                {
                    "alias": "GlobalID",
                    "defaultValue": null,
                    "domain": null,
                    "editable": false,
                    "length": 38,
                    "name": "globalid",
                    "nullable": false,
                    "sqlType": "sqlTypeGUID",
                    "type": "esriFieldTypeGlobalID"
                },
                {
                    "alias": "1. Departamento",
                    "domain": {
                        "codedValues": [
                            {
                                "code": "Chiquimula",
                                "name": "Chiquimula"
                            },
                            {
                                "code": "San_Marcos",
                                "name": "San Marcos"
                            }
                        ],
                        "name": "cvd_Depto",
                        "type": "codedValue"
                    },
                    "editable": true,
                    "length": 255,
                    "name": "Depto",
                    "nullable": true,
                    "type": "esriFieldTypeString",
                    "visible": true
                },
                {
                    "alias": "1.1 Municipio",
                    "domain": null,
                    "editable": true,
                    "length": 255,
                    "name": "Muni",
                    "nullable": true,
                    "type": "esriFieldTypeString",
                    "visible": true
                },
                {
                    "alias": "2. Gestor",
                    "domain": null,
                    "editable": true,
                    "length": 255,
                    "name": "gestor",
                    "nullable": true,
                    "type": "esriFieldTypeString",
                    "visible": true
                },
                {
                    "alias": "3. Código del caso",
                    "domain": null,
                    "editable": true,
                    "length": 255,
                    "name": "codigocaso",
                    "nullable": true,
                    "type": "esriFieldTypeString",
                    "visible": true
                },
                {
                    "alias": "4. Nombre completo del niño",
                    "domain": null,
                    "editable": true,
                    "length": 255,
                    "name": "nombrecaso",
                    "nullable": true,
                    "type": "esriFieldTypeString",
                    "visible": true
                },
                {
                    "alias": "5. Tipo de visita",
                    "domain": {
                        "codedValues": [
                            {
                                "code": "1-Solo_SESAN",
                                "name": "1) Solo SESAN"
                            },
                            {
                                "code": "2-En_conjunto_con_MSPAS",
                                "name": "2) En conjunto con MSPAS"
                            },
                            {
                                "code": "3-En_conjunto_con_COMUSAN",
                                "name": "3) En conjunto con integrantes de COMUSAN"
                            }
                        ],
                        "name": "cvd_Tipovisita",
                        "type": "codedValue"
                    },
                    "editable": true,
                    "length": 255,
                    "name": "Tipovisita",
                    "nullable": true,
                    "type": "esriFieldTypeString",
                    "visible": true
                },
                {
                    "alias": "5.1 Detalle de participantes en el equipo de visita",
                    "domain": null,
                    "editable": true,
                    "length": 255,
                    "name": "Participantes",
                    "nullable": true,
                    "type": "esriFieldTypeString",
                    "visible": true
                },
                {
                    "alias": "6. Día de la segunda visita",
                    "domain": null,
                    "editable": true,
                    "length": 255,
                    "name": "diavisita",
                    "nullable": true,
                    "type": "esriFieldTypeDate",
                    "visible": true
                },
                {
                    "alias": "7. Hora de inicio",
                    "domain": null,
                    "editable": true,
                    "length": 255,
                    "name": "horainicio",
                    "nullable": true,
                    "type": "esriFieldTypeString",
                    "visible": true
                },
                {
                    "alias": "8. Habiendo llegado a la ubicación indicada, ¿Puede hacerse la entrevista de monitoreo?",
                    "domain": {
                        "codedValues": [
                            {
                                "code": "si",
                                "name": "Si"
                            },
                            {
                                "code": "no",
                                "name": "No"
                            }
                        ],
                        "name": "cvd_entrevista",
                        "type": "codedValue"
                    },
                    "editable": true,
                    "length": 255,
                    "name": "entrevista",
                    "nullable": true,
                    "type": "esriFieldTypeString",
                    "visible": true
                },
                {
                    "alias": "Indique la causa",
                    "domain": {
                        "codedValues": [
                            {
                                "code": "1-No_encontro_la_direccion",
                                "name": "1. No encontró la dirección"
                            },
                            {
                                "code": "2-No_pudo_llegar_a_direccion",
                                "name": "2. No pudo llegar a la dirección indicada"
                            },
                            {
                                "code": "3-No_hay_quien_informe",
                                "name": "3. No hay quien informe"
                            },
                            {
                                "code": "4-Ninio_fallecio",
                                "name": "4. Niño o niña ha fallecido"
                            },
                            {
                                "code": "5-Ninio-migro_o_cambio_vivienda",
                                "name": "5. Niño migró o se cambio de vivienda"
                            },
                            {
                                "code": "6-Padres_no_aceptan_entrevista",
                                "name": "6. Padres no aceptan entrevista de monitoreo"
                            }
                        ],
                        "name": "cvd_causa",
                        "type": "codedValue"
                    },
                    "editable": true,
                    "length": 255,
                    "name": "causa",
                    "nullable": true,
                    "type": "esriFieldTypeString",
                    "visible": true
                },
                {
                    "alias": "9. Dirección donde se hace la visita",
                    "domain": null,
                    "editable": true,
                    "length": 255,
                    "name": "direccion",
                    "nullable": true,
                    "type": "esriFieldTypeString",
                    "visible": true
                },
                {
                    "alias": "10. Fuente de datos del caso",
                    "domain": {
                        "codedValues": [
                            {
                                "code": "1-DAS",
                                "name": "1. Dirección de Área de Salud"
                            },
                            {
                                "code": "2-Distrito",
                                "name": "2. Distrito"
                            },
                            {
                                "code": "3-Servicio_de_salud",
                                "name": "3. Servicio de salud (Centro, Puesto, Centro de convergencia)"
                            },
                            {
                                "code": "4-Hospital",
                                "name": "4. Hospital"
                            },
                            {
                                "code": "5-CRN-SRN",
                                "name": "5. CRN o SRN"
                            },
                            {
                                "code": "6-Ref_otro_municipio",
                                "name": "6. Referencia de otro municipio o departamento (por MSPAS o SESAN)"
                            }
                        ],
                        "name": "cvd_fuente",
                        "type": "codedValue"
                    },
                    "editable": true,
                    "length": 255,
                    "name": "fuente",
                    "nullable": true,
                    "type": "esriFieldTypeString",
                    "visible": true
                },
                {
                    "alias": "11. ¿Se obtiene CUI del niño o niña?",
                    "domain": {
                        "codedValues": [
                            {
                                "code": "si",
                                "name": "Si"
                            },
                            {
                                "code": "no",
                                "name": "No"
                            }
                        ],
                        "name": "cvd_TieneCUI",
                        "type": "codedValue"
                    },
                    "editable": true,
                    "length": 255,
                    "name": "TieneCUI",
                    "nullable": true,
                    "type": "esriFieldTypeString",
                    "visible": true
                },
                {
                    "alias": "11.1 Ingrese el número de CUI del niño",
                    "domain": null,
                    "editable": true,
                    "length": 255,
                    "name": "CUI",
                    "nullable": true,
                    "type": "esriFieldTypeString",
                    "visible": true
                },
                {
                    "alias": "12. Edad aproximada al día de hoy",
                    "domain": {
                        "codedValues": [
                            {
                                "code": "menor_1mes",
                                "name": "Menor de un mes"
                            },
                            {
                                "code": "2",
                                "name": "2 meses"
                            },
                            {
                                "code": "3",
                                "name": "3 meses"
                            },
                            {
                                "code": "4",
                                "name": "4 meses"
                            },
                            {
                                "code": "5",
                                "name": "5 meses"
                            },
                            {
                                "code": "6",
                                "name": "6 meses"
                            },
                            {
                                "code": "7",
                                "name": "7 meses"
                            },
                            {
                                "code": "8",
                                "name": "8 meses"
                            },
                            {
                                "code": "9",
                                "name": "9 meses"
                            },
                            {
                                "code": "10",
                                "name": "10 meses"
                            },
                            {
                                "code": "11",
                                "name": "11 meses"
                            },
                            {
                                "code": "12",
                                "name": "12 meses"
                            },
                            {
                                "code": "13",
                                "name": "13 meses"
                            },
                            {
                                "code": "14",
                                "name": "14 meses"
                            },
                            {
                                "code": "15",
                                "name": "15 meses"
                            },
                            {
                                "code": "16",
                                "name": "16 meses"
                            },
                            {
                                "code": "17",
                                "name": "17 meses"
                            },
                            {
                                "code": "18",
                                "name": "18 meses"
                            },
                            {
                                "code": "19",
                                "name": "19 meses"
                            },
                            {
                                "code": "20",
                                "name": "20 meses"
                            },
                            {
                                "code": "21",
                                "name": "21 meses"
                            },
                            {
                                "code": "22",
                                "name": "22 meses"
                            },
                            {
                                "code": "23",
                                "name": "23 meses"
                            },
                            {
                                "code": "24",
                                "name": "24 meses"
                            },
                            {
                                "code": "36",
                                "name": "3 años cumplidos"
                            },
                            {
                                "code": "48",
                                "name": "4 años cumplidos"
                            },
                            {
                                "code": "60",
                                "name": "5 años cumplidos"
                            }
                        ],
                        "name": "cvd_Edad",
                        "type": "codedValue"
                    },
                    "editable": true,
                    "length": 255,
                    "name": "Edad",
                    "nullable": true,
                    "type": "esriFieldTypeString",
                    "visible": true
                },
                {
                    "alias": "13. Sexo del niño",
                    "domain": {
                        "codedValues": [
                            {
                                "code": "Niña",
                                "name": "Niña"
                            },
                            {
                                "code": "Niño",
                                "name": "Niño"
                            }
                        ],
                        "name": "cvd_Sexo",
                        "type": "codedValue"
                    },
                    "editable": true,
                    "length": 255,
                    "name": "Sexo",
                    "nullable": true,
                    "type": "esriFieldTypeString",
                    "visible": true
                },
                {
                    "alias": "14. Pueblo al que pertence",
                    "domain": {
                        "codedValues": [
                            {
                                "code": "1-Maya",
                                "name": "1. Maya"
                            },
                            {
                                "code": "2-Mestizo",
                                "name": "2. Mestizo"
                            },
                            {
                                "code": "3-Garífuna",
                                "name": "3. Garífuna"
                            },
                            {
                                "code": "4-Xinca",
                                "name": "4. Xinca"
                            }
                        ],
                        "name": "cvd_Pueblo",
                        "type": "codedValue"
                    },
                    "editable": true,
                    "length": 255,
                    "name": "Pueblo",
                    "nullable": true,
                    "type": "esriFieldTypeString",
                    "visible": true
                },
                {
                    "alias": "15. Idioma de la familia",
                    "domain": {
                        "codedValues": [
                            {
                                "code": "1-Multilingue",
                                "name": "1.  Multilingüe"
                            },
                            {
                                "code": "2-Espanol",
                                "name": "2. Español"
                            },
                            {
                                "code": "3-Achi",
                                "name": "3. Achí"
                            },
                            {
                                "code": "4-Akateko",
                                "name": "4. Akateko"
                            },
                            {
                                "code": "5-Awakateko",
                                "name": "5. Awakateko"
                            },
                            {
                                "code": "6-Chalchiteko",
                                "name": "6. Chalchiteko"
                            },
                            {
                                "code": "7-Chorti",
                                "name": "7. Ch´orti´"
                            },
                            {
                                "code": "8-Chuj",
                                "name": "8. Chuj"
                            },
                            {
                                "code": "9-Garinagu",
                                "name": "9. Garínagu"
                            },
                            {
                                "code": "10-Itza",
                                "name": "10. Itza´"
                            },
                            {
                                "code": "11-Ixil",
                                "name": "11. Ixil"
                            },
                            {
                                "code": "12-Jakalteco_Popti",
                                "name": "12. Jakalteco / Popti´"
                            },
                            {
                                "code": "13-Kaqchiquel",
                                "name": "13. Kaqchiquel"
                            },
                            {
                                "code": "14-Kiche",
                                "name": "14. k´iche´"
                            },
                            {
                                "code": "15-Mam",
                                "name": "15. Mam"
                            },
                            {
                                "code": "16-Mopan",
                                "name": "16. Mopan"
                            },
                            {
                                "code": "17-Poqomam",
                                "name": "17. Poqomam"
                            },
                            {
                                "code": "18-Poqomchi",
                                "name": "18. Poqomchi´"
                            },
                            {
                                "code": "19-Qanjobal",
                                "name": "19. Q´anjob´al"
                            },
                            {
                                "code": "20-Qeqchi",
                                "name": "20. Q´eqchi´"
                            },
                            {
                                "code": "21-Sakapulteko",
                                "name": "21. Sakapulteko"
                            },
                            {
                                "code": "22-Sipakense",
                                "name": "22. Sipakense"
                            },
                            {
                                "code": "23-Tektiteko",
                                "name": "23. Tektiteko"
                            },
                            {
                                "code": "24-Tzutujil",
                                "name": "24. Tz´utujil"
                            },
                            {
                                "code": "25-Uspanteko",
                                "name": "25. Uspanteko"
                            },
                            {
                                "code": "26-Xinka",
                                "name": "26. Xinka"
                            }
                        ],
                        "name": "cvd_Idioma",
                        "type": "codedValue"
                    },
                    "editable": true,
                    "length": 255,
                    "name": "Idioma",
                    "nullable": true,
                    "type": "esriFieldTypeString",
                    "visible": true
                },
                {
                    "alias": "16. Diagnóstico nutricional por el que realiza MODA",
                    "domain": {
                        "codedValues": [
                            {
                                "code": "1-Desnutricion_Aguda_Moderada",
                                "name": "1. Desnutrición Aguda Moderada"
                            },
                            {
                                "code": "2-Desnutricion_Aguda_Severa",
                                "name": "2. Desnutrición Aguda Severa"
                            },
                            {
                                "code": "3-Kwashiorkor",
                                "name": "3. Kwashiorkor"
                            },
                            {
                                "code": "4-Marasmo",
                                "name": "4. Marasmo"
                            },
                            {
                                "code": "5-Kwashiorkor_Marasmatico",
                                "name": "5. Kwashiorkor Marasmático"
                            }
                        ],
                        "name": "cvd_Diagnostico",
                        "type": "codedValue"
                    },
                    "editable": true,
                    "length": 255,
                    "name": "Diagnostico",
                    "nullable": true,
                    "type": "esriFieldTypeString",
                    "visible": true
                },
                {
                    "alias": "17. ¿Tiene teléfono de contacto?",
                    "domain": {
                        "codedValues": [
                            {
                                "code": "si",
                                "name": "Si"
                            },
                            {
                                "code": "no",
                                "name": "No"
                            }
                        ],
                        "name": "cvd_TieneTelefono",
                        "type": "codedValue"
                    },
                    "editable": true,
                    "length": 255,
                    "name": "TieneTelefono",
                    "nullable": true,
                    "type": "esriFieldTypeString",
                    "visible": true
                },
                {
                    "alias": "17.1 Número de teléfono de contacto",
                    "domain": null,
                    "editable": true,
                    "length": 255,
                    "name": "Telefono",
                    "nullable": true,
                    "type": "esriFieldTypeInteger",
                    "visible": true
                },
                {
                    "alias": "18. ¿Tiene enfermedades congénitas o condiciones especiales?",
                    "domain": {
                        "codedValues": [
                            {
                                "code": "si",
                                "name": "Si"
                            },
                            {
                                "code": "no",
                                "name": "No"
                            },
                            {
                                "code": "no_sabe",
                                "name": "No sabe/no lo pudo identificar"
                            }
                        ],
                        "name": "cvd_TieneCondiciones",
                        "type": "codedValue"
                    },
                    "editable": true,
                    "length": 255,
                    "name": "TieneCondiciones",
                    "nullable": true,
                    "type": "esriFieldTypeString",
                    "visible": true
                },
                {
                    "alias": "18.1 Lista de enfermedades congénitas y condiciones especiales",
                    "domain": null,
                    "editable": true,
                    "length": 255,
                    "name": "ListaCongenitas",
                    "nullable": true,
                    "type": "esriFieldTypeString",
                    "visible": true
                },
                {
                    "alias": "19. ¿Tiene situación de discapacidad?",
                    "domain": {
                        "codedValues": [
                            {
                                "code": "si",
                                "name": "Si"
                            },
                            {
                                "code": "no",
                                "name": "No"
                            },
                            {
                                "code": "no_sabe",
                                "name": "No sabe/no lo pudo identificar"
                            }
                        ],
                        "name": "cvd_TieneDiscapacidad",
                        "type": "codedValue"
                    },
                    "editable": true,
                    "length": 255,
                    "name": "TieneDiscapacidad",
                    "nullable": true,
                    "type": "esriFieldTypeString",
                    "visible": true
                },
                {
                    "alias": "19.1 Lista de discapacidades",
                    "domain": null,
                    "editable": true,
                    "length": 255,
                    "name": "ListaDiscapacidad",
                    "nullable": true,
                    "type": "esriFieldTypeString",
                    "visible": true
                },
                {
                    "alias": "20. ¿Hay factores de riesgo en el hogar?",
                    "domain": {
                        "codedValues": [
                            {
                                "code": "si",
                                "name": "Si"
                            },
                            {
                                "code": "no",
                                "name": "No"
                            },
                            {
                                "code": "no_sabe",
                                "name": "No sabe/no lo pudo identificar"
                            }
                        ],
                        "name": "cvd_FactoresRiesgo",
                        "type": "codedValue"
                    },
                    "editable": true,
                    "length": 255,
                    "name": "FactoresRiesgo",
                    "nullable": true,
                    "type": "esriFieldTypeString",
                    "visible": true
                },
                {
                    "alias": "20.1 Lista de factores de riesgo",
                    "domain": null,
                    "editable": true,
                    "length": 255,
                    "name": "DetalleFactores",
                    "nullable": true,
                    "type": "esriFieldTypeString",
                    "visible": true
                },
                {
                    "alias": "21. ¿Es fácil para la madre o responsable llegar a un servicio de salud si el niño necesita atención urgente?",
                    "domain": {
                        "codedValues": [
                            {
                                "code": "1-Si es facil",
                                "name": "1. Si es fácil"
                            },
                            {
                                "code": "2-No_tiene_medios_para_llegar",
                                "name": "2. No, no tiene medios o facilidad para llegar"
                            },
                            {
                                "code": "3-No_tiene servicio_cerca",
                                "name": "3. No, no tiene servicio de salud cerca"
                            }
                        ],
                        "name": "cvd_AccesoServicio",
                        "type": "codedValue"
                    },
                    "editable": true,
                    "length": 255,
                    "name": "AccesoServicio",
                    "nullable": true,
                    "type": "esriFieldTypeString",
                    "visible": true
                },
                {
                    "alias": "22. ¿El niño (a) presenta señales de peligro durante esta visita?",
                    "domain": {
                        "codedValues": [
                            {
                                "code": "si",
                                "name": "Si"
                            },
                            {
                                "code": "no",
                                "name": "No"
                            },
                            {
                                "code": "no_sabe",
                                "name": "No sabe/no lo pudo identificar"
                            }
                        ],
                        "name": "cvd_TieneSenalPeligro",
                        "type": "codedValue"
                    },
                    "editable": true,
                    "length": 255,
                    "name": "TieneSenalPeligro",
                    "nullable": true,
                    "type": "esriFieldTypeString",
                    "visible": true
                },
                {
                    "alias": "22.1 Lista de señales de peligro",
                    "domain": null,
                    "editable": true,
                    "length": 255,
                    "name": "ListaSenlpeligro",
                    "nullable": true,
                    "type": "esriFieldTypeString",
                    "visible": true
                },
                {
                    "alias": "22.2 Notificación a autoridad competente por señal de peligro",
                    "domain": null,
                    "editable": true,
                    "length": 255,
                    "name": "ListaAccionesPeligro",
                    "nullable": true,
                    "type": "esriFieldTypeString",
                    "visible": true
                },
                {
                    "alias": "23. ¿El niño(a) recibió tratamiento para la desnutrición según protocolo de MSPAS?",
                    "domain": {
                        "codedValues": [
                            {
                                "code": "Si_en_tratamiento",
                                "name": "1. Si, actualmente está en tratamiento entregado por el servicio de salud"
                            },
                            {
                                "code": "Si_termino_tx",
                                "name": "2. Si, ya terminó tratamiento"
                            },
                            {
                                "code": "Si_padres_no_dan_tx",
                                "name": "3. Si, el servicio de salud le entregó tratamiento pero los padres no se lo han dado o no se lo quieren dar"
                            },
                            {
                                "code": "No_le_dieron_tx",
                                "name": "4. NO, no le dieron tratamiento en el servicio de salud"
                            },
                            {
                                "code": "No_sabe",
                                "name": "5. No sabe"
                            },
                            {
                                "code": "No_aplica",
                                "name": "6. No aplica por ser menor de 6 meses"
                            }
                        ],
                        "name": "cvd_ProtocoloTx",
                        "type": "codedValue"
                    },
                    "editable": true,
                    "length": 255,
                    "name": "ProtocoloTx",
                    "nullable": true,
                    "type": "esriFieldTypeString",
                    "visible": true
                },
                {
                    "alias": "23.1 Seleccione el insumo que le indiquen que recibió el niño o niña",
                    "domain": null,
                    "editable": true,
                    "length": 255,
                    "name": "ListaTratamiento",
                    "nullable": true,
                    "type": "esriFieldTypeString",
                    "visible": true
                },
                {
                    "alias": "24. ¿El niño(a) o su familia tienen asistencia alimentaria al momento de la visita?",
                    "domain": {
                        "codedValues": [
                            {
                                "code": "1-Si_tiene_actualmente",
                                "name": "1. SI tiene actualmente"
                            },
                            {
                                "code": "2-No_tiene_recibira_futuro",
                                "name": "2. NO tiene actualmente pero está inscrito en un programa de asistencia o recibirá a futuro"
                            },
                            {
                                "code": "3-No_tiene_ni_tendra",
                                "name": "3. NO tiene, ni refiere que tendrá a futuro"
                            },
                            {
                                "code": "4-No_sabe",
                                "name": "4. No sabe"
                            }
                        ],
                        "name": "cvd_AsistenciaAlimentaria",
                        "type": "codedValue"
                    },
                    "editable": true,
                    "length": 255,
                    "name": "AsistenciaAlimentaria",
                    "nullable": true,
                    "type": "esriFieldTypeString",
                    "visible": true
                },
                {
                    "alias": "24.1 ¿Cuándo la recibió?",
                    "domain": {
                        "codedValues": [
                            {
                                "code": "Hoy",
                                "name": "1. Hoy en este monitoreo"
                            },
                            {
                                "code": "Semana_anterior",
                                "name": "2. La semana anterior a esta visita"
                            },
                            {
                                "code": "15_dias_aantes",
                                "name": "3. 15 días antes de esta visita"
                            },
                            {
                                "code": "1_mes_antes",
                                "name": "4. Un mes antes de esta visita"
                            },
                            {
                                "code": "mas_de_un_mes",
                                "name": "5. Hace más de un mes"
                            },
                            {
                                "code": "No_sabe",
                                "name": "6. No sabe"
                            }
                        ],
                        "name": "cvd_CuandoAsistencia",
                        "type": "codedValue"
                    },
                    "editable": true,
                    "length": 255,
                    "name": "CuandoAsistencia",
                    "nullable": true,
                    "type": "esriFieldTypeString",
                    "visible": true
                },
                {
                    "alias": "24.2 ¿Origen de la asistencia alimentaria?",
                    "domain": null,
                    "editable": true,
                    "length": 255,
                    "name": "ListaAsistenciaAlim",
                    "nullable": true,
                    "type": "esriFieldTypeString",
                    "visible": true
                },
                {
                    "alias": "25. ¿El niño(a) ha recibido alimento complementario Nutri Niños junto con su tratamiento para la desnutrición?",
                    "domain": {
                        "codedValues": [
                            {
                                "code": "si",
                                "name": "Si"
                            },
                            {
                                "code": "no",
                                "name": "No"
                            },
                            {
                                "code": "no_sabe",
                                "name": "No sabe/no lo pudo identificar"
                            }
                        ],
                        "name": "cvd_ACF",
                        "type": "codedValue"
                    },
                    "editable": true,
                    "length": 255,
                    "name": "ACF",
                    "nullable": true,
                    "type": "esriFieldTypeString",
                    "visible": true
                },
                {
                    "alias": "26. ¿El niño(a) o su familia actualmente están participando en algún programa de apoyo o recibe algún bien o servicio de Gobierno u otras instancias?",
                    "domain": {
                        "codedValues": [
                            {
                                "code": "1-Si_participa",
                                "name": "1. SI participa en algun programa o tiene apoyo actualmente"
                            },
                            {
                                "code": "2-No_pero_esta_inscrito",
                                "name": "2. NO tiene actualmente pero está inscrito o recibirá a futuro"
                            },
                            {
                                "code": "3-No_tiene_ni_tendra",
                                "name": "3. NO tiene actualmente, ni refiere que tendrá a futuro"
                            },
                            {
                                "code": "4-No_sabe",
                                "name": "4. No sabe"
                            }
                        ],
                        "name": "cvd_Programas",
                        "type": "codedValue"
                    },
                    "editable": true,
                    "length": 255,
                    "name": "Programas",
                    "nullable": true,
                    "type": "esriFieldTypeString",
                    "visible": true
                },
                {
                    "alias": "26.1 Marque las instituciones que le están entregando algun bien o servicio al niño o su familia (o le entregarán a futuro)",
                    "domain": null,
                    "editable": true,
                    "length": 255,
                    "name": "ListaApoyo",
                    "nullable": true,
                    "type": "esriFieldTypeString",
                    "visible": true
                },
                {
                    "alias": "27. ¿En esta visita de monitoreo se ha iniciado el proceso de inscripción o registro a algún proyecto o programa de apoyo al niño con desnutrición aguda o su familia?",
                    "domain": {
                        "codedValues": [
                            {
                                "code": "si",
                                "name": "Si"
                            },
                            {
                                "code": "no",
                                "name": "No"
                            }
                        ],
                        "name": "cvd_Inscripcion",
                        "type": "codedValue"
                    },
                    "editable": true,
                    "length": 255,
                    "name": "Inscripcion",
                    "nullable": true,
                    "type": "esriFieldTypeString",
                    "visible": true
                },
                {
                    "alias": "27.1 Marque las instituciones a cargo del programa al que se inscribe:",
                    "domain": null,
                    "editable": true,
                    "length": 255,
                    "name": "ListaInscripcion",
                    "nullable": true,
                    "type": "esriFieldTypeString",
                    "visible": true
                },
                {
                    "alias": "28. ¿SESAN realizó alguna acción especfica en esta visita?",
                    "domain": {
                        "codedValues": [
                            {
                                "code": "si",
                                "name": "Si"
                            },
                            {
                                "code": "no",
                                "name": "No"
                            }
                        ],
                        "name": "cvd_AccionSESAN",
                        "type": "codedValue"
                    },
                    "editable": true,
                    "length": 255,
                    "name": "AccionSESAN",
                    "nullable": true,
                    "type": "esriFieldTypeString",
                    "visible": true
                },
                {
                    "alias": "28.1 Marque las acciones que correspondan:",
                    "domain": null,
                    "editable": true,
                    "length": 255,
                    "name": "Listaaccionessesan",
                    "nullable": true,
                    "type": "esriFieldTypeString",
                    "visible": true
                },
                {
                    "alias": "29. ¿Se necesita realizar acciones de respuesta urgente?",
                    "domain": {
                        "codedValues": [
                            {
                                "code": "si",
                                "name": "Si"
                            },
                            {
                                "code": "no",
                                "name": "No"
                            }
                        ],
                        "name": "cvd_Respuesta_urgente",
                        "type": "codedValue"
                    },
                    "editable": true,
                    "length": 255,
                    "name": "Respuesta_urgente",
                    "nullable": true,
                    "type": "esriFieldTypeString",
                    "visible": true
                },
                {
                    "alias": "29.1 Marque las acciones que correspondan",
                    "domain": null,
                    "editable": true,
                    "length": 255,
                    "name": "ListaAccionUrgente",
                    "nullable": true,
                    "type": "esriFieldTypeString",
                    "visible": true
                },
                {
                    "alias": "30. Comentarios adicionales",
                    "domain": null,
                    "editable": true,
                    "length": 255,
                    "name": "Comentarios",
                    "nullable": true,
                    "type": "esriFieldTypeString",
                    "visible": true
                },
                {
                    "alias": "Horafin",
                    "domain": null,
                    "editable": true,
                    "length": 255,
                    "name": "Horafin",
                    "nullable": true,
                    "type": "esriFieldTypeDate",
                    "visible": true
                },
                {
                    "alias": "imgdisc",
                    "domain": null,
                    "editable": true,
                    "length": 255,
                    "name": "imgdisc",
                    "nullable": true,
                    "type": "esriFieldTypeString",
                    "visible": true
                }
            ],
            "geometryType": "esriGeometryPoint",
            "globalIdField": "globalid",
            "hasAttachments": false,
            "hasM": false,
            "hasStaticData": false,
            "hasZ": false,
            "htmlPopupType": "esriServerHTMLPopupTypeAsHTMLText",
            "id": 0,
            "indexes": [
                {
                    "description": "GlobalID index",
                    "fields": "globalid",
                    "isAscending": false,
                    "isUnique": true,
                    "name": "GlobalIDIndex"
                }
            ],
            "isDataVersioned": false,
            "maxRecordCount": 1000,
            "maxScale": 0,
            "minScale": 0,
            "name": "AACID_1",
            "objectIdField": "objectid",
            "propagateVisibleFields": true,
            "relationships": [
            ],
            "supportedQueryFormats": "JSON",
            "supportsAdvancedQueries": true,
            "supportsRollbackOnFailureParameter": true,
            "supportsStatistics": true,
            "templates": [
                {
                    "description": "",
                    "name": "New Feature",
                    "prototype": {
                        "attributes": {
                        }
                    }
                }
            ],
            "timeInfo": {
                "endTimeField": "Horafin",
                "hasLiveData": false,
                "timeInterval": 0,
                "timeIntervalUnits": "esriTimeUnitsMilliseconds",
                "timeReference": {
                    "respectsDaylightSaving": false,
                    "timeZone": "UTC"
                },
                "trackIdField": null
            },
            "type": "Feature Layer",
            "typeIdField": "",
            "types": [
            ]
        }
    ]
}
