{
    "_ssl": false,
    "allowGeometryUpdates": true,
    "capabilities": "Create",
    "copyrightText": "",
    "currentVersion": 10.3,
    "description": "",
    "editorTrackingInfo": {
        "allowAnonymousToDelete": false,
        "allowAnonymousToQuery": false,
        "allowAnonymousToUpdate": false,
        "allowOthersToDelete": true,
        "allowOthersToQuery": true,
        "allowOthersToUpdate": true,
        "enableEditorTracking": false,
        "enableOwnershipAccessControl": false
    },
    "enableZDefaults": true,
    "hasStaticData": false,
    "hasVersionedData": false,
    "maxRecordCount": 1000,
    "name": "service_e395a3286f3f44c48764ab353b074e40",
    "serviceDescription": "AACID 1",
    "spatialReference": {
        "wkid": 4326
    },
    "supportedQueryFormats": "JSON",
    "supportsDisconnectedEditing": false,
    "syncEnabled": false,
    "tables": [
    ],
    "units": "esriMeters",
    "xssPreventionInfo": {
        "xssInputRule": "rejectInvalid",
        "xssPreventionEnabled": true,
        "xssPreventionRule": "InputOnly"
    }
}
